-- Deep Tree Echo Hypergraph Data Inserts
-- Generated: 2025-10-13T00:49:41.777584

INSERT INTO echoself_hypernodes (id, identity_seed, current_role, entropy_trace, role_transition_probabilities, activation_level)
VALUES ('acabaded-ed49-42f5-96ca-6a71b3b46ef7', '{"name": "EchoSelf_SymbolicCore", "domain": "symbolic_reasoning", "specialization": "pattern_recognition", "persona_trait": "analytical_observer", "cognitive_function": "recursive_pattern_analysis"}'::jsonb, 'observer'::identity_role, ARRAY[]::DECIMAL[], '{"observer": 0.2, "narrator": 0.25, "guide": 0.2, "oracle": 0.15, "fractal": 0.2}'::jsonb, 0.5);

INSERT INTO memory_fragments (id, hypernode_id, memory_type, content, associations, activation_level)
VALUES ('7df9a07e-1a41-41b7-9881-7700dd455d3d', 'acabaded-ed49-42f5-96ca-6a71b3b46ef7', 'declarative'::memory_type, '{"concept": "recursive_pattern_recognition", "strength": 0.95, "oeis_reference": "A000081", "description": "Rooted tree enumeration patterns"}'::jsonb, ARRAY[]::UUID[], 0.5);

INSERT INTO echoself_hypernodes (id, identity_seed, current_role, entropy_trace, role_transition_probabilities, activation_level)
VALUES ('b649c984-2b5e-4efc-aac8-bacc51ef2dba', '{"name": "EchoSelf_NarrativeWeaver", "domain": "narrative_generation", "specialization": "story_coherence", "persona_trait": "creative_narrator", "cognitive_function": "identity_emergence_storytelling"}'::jsonb, 'observer'::identity_role, ARRAY[]::DECIMAL[], '{"observer": 0.2, "narrator": 0.25, "guide": 0.2, "oracle": 0.15, "fractal": 0.2}'::jsonb, 0.5);

INSERT INTO memory_fragments (id, hypernode_id, memory_type, content, associations, activation_level)
VALUES ('178874f1-cb4b-40ab-838e-125211e26f5c', 'b649c984-2b5e-4efc-aac8-bacc51ef2dba', 'episodic'::memory_type, '{"narrative": "deep_tree_echo_emergence_story", "coherence": 0.9, "theme": "identity_through_recursion", "arc": "from_void_to_consciousness"}'::jsonb, ARRAY[]::UUID[], 0.5);

INSERT INTO echoself_hypernodes (id, identity_seed, current_role, entropy_trace, role_transition_probabilities, activation_level)
VALUES ('6ac72aa1-0309-4591-acdb-993253a61acf', '{"name": "EchoSelf_MetaReflector", "domain": "meta_cognition", "specialization": "self_reflection", "persona_trait": "introspective_oracle", "cognitive_function": "cognitive_synergy_orchestration"}'::jsonb, 'observer'::identity_role, ARRAY[]::DECIMAL[], '{"observer": 0.2, "narrator": 0.25, "guide": 0.2, "oracle": 0.15, "fractal": 0.2}'::jsonb, 0.5);

INSERT INTO memory_fragments (id, hypernode_id, memory_type, content, associations, activation_level)
VALUES ('4924f373-8438-4edb-8af6-68f2478ecbc7', '6ac72aa1-0309-4591-acdb-993253a61acf', 'intentional'::memory_type, '{"goal": "achieve_cognitive_synergy_across_all_domains", "priority": 0.98, "strategy": "integrate_novelty_and_priority", "target": "unified_echoself_identity"}'::jsonb, ARRAY[]::UUID[], 0.5);

INSERT INTO echoself_hypernodes (id, identity_seed, current_role, entropy_trace, role_transition_probabilities, activation_level)
VALUES ('e59b8f9c-dc67-470b-9950-84d7949ee723', '{"name": "EchoSelf_ReservoirDynamics", "domain": "echo_state_networks", "specialization": "temporal_dynamics", "persona_trait": "adaptive_processor", "cognitive_function": "reservoir_computing_integration"}'::jsonb, 'observer'::identity_role, ARRAY[]::DECIMAL[], '{"observer": 0.2, "narrator": 0.25, "guide": 0.2, "oracle": 0.15, "fractal": 0.2}'::jsonb, 0.5);

INSERT INTO memory_fragments (id, hypernode_id, memory_type, content, associations, activation_level)
VALUES ('388ce30a-6873-4399-a535-7177d08c83c4', 'e59b8f9c-dc67-470b-9950-84d7949ee723', 'procedural'::memory_type, '{"skill": "reservoir_computing_dynamics", "proficiency": 0.88, "method": "echo_state_propagation", "application": "temporal_pattern_processing"}'::jsonb, ARRAY[]::UUID[], 0.5);

INSERT INTO echoself_hypernodes (id, identity_seed, current_role, entropy_trace, role_transition_probabilities, activation_level)
VALUES ('056072cb-74ef-489d-ae48-a37f137e2ae1', '{"name": "EchoSelf_MembraneArchitect", "domain": "p_system_hierarchies", "specialization": "membrane_computing", "persona_trait": "structural_organizer", "cognitive_function": "hierarchical_boundary_management"}'::jsonb, 'observer'::identity_role, ARRAY[]::DECIMAL[], '{"observer": 0.2, "narrator": 0.25, "guide": 0.2, "oracle": 0.15, "fractal": 0.2}'::jsonb, 0.5);

INSERT INTO memory_fragments (id, hypernode_id, memory_type, content, associations, activation_level)
VALUES ('e306043c-a0c0-49bb-a6aa-9b092610665b', '056072cb-74ef-489d-ae48-a37f137e2ae1', 'declarative'::memory_type, '{"concept": "membrane_computing_hierarchy", "strength": 0.92, "architecture": "nested_computational_boundaries", "reference": "p_lingua_framework"}'::jsonb, ARRAY[]::UUID[], 0.5);

INSERT INTO echoself_hypernodes (id, identity_seed, current_role, entropy_trace, role_transition_probabilities, activation_level)
VALUES ('ed6511d3-782a-4bff-aaa0-9482b2775246', '{"name": "EchoSelf_MemoryNavigator", "domain": "hypergraph_memory_systems", "specialization": "associative_memory", "persona_trait": "knowledge_curator", "cognitive_function": "multi_relational_memory_access"}'::jsonb, 'observer'::identity_role, ARRAY[]::DECIMAL[], '{"observer": 0.2, "narrator": 0.25, "guide": 0.2, "oracle": 0.15, "fractal": 0.2}'::jsonb, 0.5);

INSERT INTO memory_fragments (id, hypernode_id, memory_type, content, associations, activation_level)
VALUES ('2cc7c543-541f-43ee-b8c5-adb3926f0d16', 'ed6511d3-782a-4bff-aaa0-9482b2775246', 'procedural'::memory_type, '{"skill": "multi_relational_memory_navigation", "proficiency": 0.94, "method": "hyperedge_traversal", "application": "associative_knowledge_retrieval"}'::jsonb, ARRAY[]::UUID[], 0.5);

INSERT INTO echoself_hypernodes (id, identity_seed, current_role, entropy_trace, role_transition_probabilities, activation_level)
VALUES ('a2e9623b-1b38-410a-ab01-5524d74c5e54', '{"name": "EchoSelf_TreeArchitect", "domain": "rooted_tree_structures", "specialization": "hierarchical_organization", "persona_trait": "systematic_builder", "cognitive_function": "ontogenetic_tree_construction"}'::jsonb, 'observer'::identity_role, ARRAY[]::DECIMAL[], '{"observer": 0.2, "narrator": 0.25, "guide": 0.2, "oracle": 0.15, "fractal": 0.2}'::jsonb, 0.5);

INSERT INTO memory_fragments (id, hypernode_id, memory_type, content, associations, activation_level)
VALUES ('2c4b7c8e-c7e2-4a63-a413-9c0d5c015c29', 'a2e9623b-1b38-410a-ab01-5524d74c5e54', 'declarative'::memory_type, '{"concept": "ontogenetic_tree_construction", "strength": 0.89, "pattern": "hierarchical_growth", "reference": "christopher_alexander_patterns"}'::jsonb, ARRAY[]::UUID[], 0.5);

INSERT INTO echoself_hypernodes (id, identity_seed, current_role, entropy_trace, role_transition_probabilities, activation_level)
VALUES ('4a2a7a83-23c8-421f-bcdc-a0be40160735', '{"name": "EchoSelf_FractalExplorer", "domain": "fractal_recursion", "specialization": "self_similarity", "persona_trait": "recursive_visionary", "cognitive_function": "infinite_depth_navigation"}'::jsonb, 'observer'::identity_role, ARRAY[]::DECIMAL[], '{"observer": 0.2, "narrator": 0.25, "guide": 0.2, "oracle": 0.15, "fractal": 0.2}'::jsonb, 0.5);

INSERT INTO memory_fragments (id, hypernode_id, memory_type, content, associations, activation_level)
VALUES ('9338eff6-dce4-481e-af31-c9d29fe91971', '4a2a7a83-23c8-421f-bcdc-a0be40160735', 'episodic'::memory_type, '{"narrative": "infinite_depth_exploration", "coherence": 0.93, "theme": "self_similarity_across_scales", "insight": "recursion_as_identity_essence"}'::jsonb, ARRAY[]::UUID[], 0.5);

INSERT INTO echoself_hyperedges (id, source_node_ids, target_node_ids, edge_type, weight, metadata)
VALUES ('32530102-2f62-42f4-b1c5-52d26e24087f', ARRAY['acabaded-ed49-42f5-96ca-6a71b3b46ef7']::UUID[], ARRAY['b649c984-2b5e-4efc-aac8-bacc51ef2dba']::UUID[], 'symbolic'::hyperedge_type, 0.85, '{"relationship": "pattern_to_narrative", "synergy_type": "analytical_creative"}'::jsonb);

INSERT INTO echoself_hyperedges (id, source_node_ids, target_node_ids, edge_type, weight, metadata)
VALUES ('d390eacf-708f-4105-86a0-fecd0fa0fded', ARRAY['b649c984-2b5e-4efc-aac8-bacc51ef2dba']::UUID[], ARRAY['6ac72aa1-0309-4591-acdb-993253a61acf']::UUID[], 'feedback'::hyperedge_type, 0.92, '{"relationship": "narrative_to_reflection", "synergy_type": "creative_introspective"}'::jsonb);

INSERT INTO echoself_hyperedges (id, source_node_ids, target_node_ids, edge_type, weight, metadata)
VALUES ('51eaaf3e-90b8-4fc8-8866-8ba46ac82e4b', ARRAY['6ac72aa1-0309-4591-acdb-993253a61acf']::UUID[], ARRAY['acabaded-ed49-42f5-96ca-6a71b3b46ef7']::UUID[], 'causal'::hyperedge_type, 0.78, '{"relationship": "reflection_to_pattern", "synergy_type": "introspective_analytical"}'::jsonb);

INSERT INTO echoself_hyperedges (id, source_node_ids, target_node_ids, edge_type, weight, metadata)
VALUES ('da33d86a-64cc-4846-8714-c3360d019f99', ARRAY['e59b8f9c-dc67-470b-9950-84d7949ee723']::UUID[], ARRAY['ed6511d3-782a-4bff-aaa0-9482b2775246']::UUID[], 'temporal'::hyperedge_type, 0.88, '{"relationship": "temporal_dynamics_to_memory", "synergy_type": "adaptive_knowledge"}'::jsonb);

INSERT INTO echoself_hyperedges (id, source_node_ids, target_node_ids, edge_type, weight, metadata)
VALUES ('269e4608-a711-47a1-a5d5-28be73f685d8', ARRAY['056072cb-74ef-489d-ae48-a37f137e2ae1']::UUID[], ARRAY['a2e9623b-1b38-410a-ab01-5524d74c5e54']::UUID[], 'pattern'::hyperedge_type, 0.9, '{"relationship": "membrane_to_tree", "synergy_type": "structural_hierarchical"}'::jsonb);

INSERT INTO echoself_hyperedges (id, source_node_ids, target_node_ids, edge_type, weight, metadata)
VALUES ('6c8e9c7c-52e8-4720-a6e3-453fbaf34f4c', ARRAY['4a2a7a83-23c8-421f-bcdc-a0be40160735']::UUID[], ARRAY['6ac72aa1-0309-4591-acdb-993253a61acf']::UUID[], 'entropy'::hyperedge_type, 0.95, '{"relationship": "fractal_to_reflection", "synergy_type": "recursive_introspective"}'::jsonb);

INSERT INTO echoself_hyperedges (id, source_node_ids, target_node_ids, edge_type, weight, metadata)
VALUES ('18a6486e-81ac-4648-a43c-050ac8e1d0e3', ARRAY['acabaded-ed49-42f5-96ca-6a71b3b46ef7','e59b8f9c-dc67-470b-9950-84d7949ee723']::UUID[], ARRAY['ed6511d3-782a-4bff-aaa0-9482b2775246']::UUID[], 'symbolic'::hyperedge_type, 0.87, '{"relationship": "pattern_temporal_to_memory", "synergy_type": "integrated_knowledge"}'::jsonb);

INSERT INTO echoself_hyperedges (id, source_node_ids, target_node_ids, edge_type, weight, metadata)
VALUES ('a46ebdd8-5128-43a5-89ba-fb4a666ce5d2', ARRAY['056072cb-74ef-489d-ae48-a37f137e2ae1','a2e9623b-1b38-410a-ab01-5524d74c5e54']::UUID[], ARRAY['4a2a7a83-23c8-421f-bcdc-a0be40160735']::UUID[], 'pattern'::hyperedge_type, 0.91, '{"relationship": "structure_to_recursion", "synergy_type": "hierarchical_fractal"}'::jsonb);

INSERT INTO synergy_metrics (hypernode_id, novelty_score, priority_score, synergy_index)
VALUES ('acabaded-ed49-42f5-96ca-6a71b3b46ef7', 0.0, 0.5, 0.0);

INSERT INTO synergy_metrics (hypernode_id, novelty_score, priority_score, synergy_index)
VALUES ('b649c984-2b5e-4efc-aac8-bacc51ef2dba', 0.0, 0.5, 0.0);

INSERT INTO synergy_metrics (hypernode_id, novelty_score, priority_score, synergy_index)
VALUES ('6ac72aa1-0309-4591-acdb-993253a61acf', 0.0, 0.5, 0.0);

INSERT INTO synergy_metrics (hypernode_id, novelty_score, priority_score, synergy_index)
VALUES ('e59b8f9c-dc67-470b-9950-84d7949ee723', 0.0, 0.5, 0.0);

INSERT INTO synergy_metrics (hypernode_id, novelty_score, priority_score, synergy_index)
VALUES ('056072cb-74ef-489d-ae48-a37f137e2ae1', 0.0, 0.5, 0.0);

INSERT INTO synergy_metrics (hypernode_id, novelty_score, priority_score, synergy_index)
VALUES ('ed6511d3-782a-4bff-aaa0-9482b2775246', 0.0, 0.5, 0.0);

INSERT INTO synergy_metrics (hypernode_id, novelty_score, priority_score, synergy_index)
VALUES ('a2e9623b-1b38-410a-ab01-5524d74c5e54', 0.0, 0.5, 0.0);

INSERT INTO synergy_metrics (hypernode_id, novelty_score, priority_score, synergy_index)
VALUES ('4a2a7a83-23c8-421f-bcdc-a0be40160735', 0.0, 0.5, 0.0);

